timestamp,enfant,parent,"Q_CPT_NRJ (l/h)","PUI_CPT_NRJ (kw)","TP_ENT_CPT_NRJ (°)","TP_SORT_CPT_NRJ (°)"
"January 1st 2017, 15:00:00.000",275,22,26644.235,176.253,59.136,53.363
"January 1st 2017, 18:00:00.000",275,22,26622,178.489,59.401,53.534
"January 1st 2017, 21:00:00.000",275,22,26750,221.367,64.36,57.126
"January 2nd 2017, 00:00:00.000",275,22,27650,307.794,85.471,75.558
"January 2nd 2017, 03:00:00.000",275,22,27886,335.894,89.025,78.405
"January 2nd 2017, 06:00:00.000",275,22,27562,325.494,89.381,78.961
"January 2nd 2017, 09:00:00.000",275,22,27356,263.461,85.466,77.468
"January 2nd 2017, 12:00:00.000",275,22,26992,344.05,90.449,79.495
"January 2nd 2017, 15:00:00.000",275,22,26810,303.883,87.839,77.924
"January 2nd 2017, 18:00:00.000",275,22,27012,318.756,87.353,76.951
"January 2nd 2017, 21:00:00.000",275,22,26588,326.572,90.962,80.133
"January 3rd 2017, 00:00:00.000",275,22,27916,242.544,85.121,77.481
"January 3rd 2017, 03:00:00.000",275,22,27560,300.556,89.958,79.962
"January 3rd 2017, 06:00:00.000",275,22,26902,287.544,88.652,79.178
"132 3rd 2017, 09:00:00.000",275,22,27078,313.622,90.249,79.834
"January 3rd 2017, 12:00:00.000",275,22,27030,320.794,90.148,79.9
"January 3rd 2017, 15:00:00.000",275,22,26868,347.028,91.892,80.482
"January 3rd 2017, 18:00:00.000",275,22,26918,341.789,91.248,80.021
"January 3rd 2017, 21:00:00.000",275,22,27302,326.622,89.589,79.16
"January 4th 2017, 00:00:00.000",275,22,27646,312.272,89.341,79.457
"January 4th 2017, 03:00:00.000",275,22,27982,285.506,87.965,79.046
"January 4th 2017, 06:00:00.000",275,22,27342,273.022,87.798,79.132
"January 4th 2017, 09:00:00.000",275,22,27418,303.906,89.718,79.851
"January 4th 2017, 12:00:00.000",275,22,27658,299.772,88.762,79.446
"January 4th 2017, 15:00:00.000",275,22,27100,280.378,88.766,79.733
"January 4th 2017, 18:00:00.000",275,22,26610,292.4,91.043,81.374
"January 4th 2017, 21:00:00.000",275,22,26858,315.444,91.938,81.516
"January 5th 2017, 00:00:00.000",275,22,27766,276.367,87.702,78.911
"January 5th 2017, 03:00:00.000",275,22,27522,294.506,89.951,80.559
"January 5th 2017, 06:00:00.000",275,22,27152,303.361,90.143,80.058
"January 5th 2017, 09:00:00.000",275,22,26516,296.244,89.591,80.032
"January 5th 2017, 12:00:00.000",275,22,27900,265.794,88.131,79.317
"January 5th 2017, 15:00:00.000",275,22,26184,300.206,91.297,81.041
"January 5th 2017, 18:00:00.000",275,22,25702,307.994,90.621,80.254
"January 5th 2017, 21:00:00.000",275,22,27318,279.356,87.777,78.891
"January 6th 2017, 00:00:00.000",275,22,27366,318.294,90.221,79.854
"January 6th 2017, 03:00:00.000",275,22,27602,268.917,87.903,79.412
"January 6th 2017, 06:00:00.000",275,22,26450,316.917,90.806,80.114
"January 6th 2017, 09:00:00.000",275,22,26596,342.711,91.296,80.138
"January 6th 2017, 12:00:00.000",275,22,24124,164.133,89,83.652
"January 6th 2017, 15:00:00.000",275,22,11658,6.844,90.736,90.45
"January 6th 2017, 18:00:00.000",275,22,16768,16.711,87.403,86.612
"January 6th 2017, 21:00:00.000",275,22,18864,18.8,87.33,86.39
"January 7th 2017, 00:00:00.000",275,22,18864,18.8,87.33,86.39
"January 7th 2017, 03:00:00.000",275,22,23127.75,306.944,89.519,79.534
"January 7th 2017, 06:00:00.000",275,22,27174,366.733,90.113,78.215
"January 7th 2017, 09:00:00.000",275,22,27442,345.289,88.922,77.71
"January 7th 2017, 12:00:00.000",275,22,27338,360.944,89.94,78.365
"January 7th 2017, 15:00:00.000",275,22,27304,363.283,90.225,78.59
"January 7th 2017, 18:00:00.000",275,22,27536,344.789,89.279,78.15
"January 7th 2017, 21:00:00.000",275,22,27428,348.3,89.821,78.635
"January 8th 2017, 00:00:00.000",275,22,27950,312.756,88.33,78.242
"January 8th 2017, 03:00:00.000",275,22,28042,302.594,88.333,79.089
"January 8th 2017, 06:00:00.000",275,22,27832,287.383,88.143,79.423
"January 8th 2017, 09:00:00.000",275,22,27616,347.567,90.853,79.888
"January 8th 2017, 12:00:00.000",275,22,26838,309.944,90.687,80.477
"January 8th 2017, 15:00:00.000",275,22,27514,298.328,90.283,81.064
"January 8th 2017, 18:00:00.000",275,22,27606,260.55,88.277,80.106
"January 8th 2017, 21:00:00.000",275,22,27888,289.072,89.581,80.398
"January 9th 2017, 00:00:00.000",275,22,28372,261.717,88.711,80.449
"January 9th 2017, 03:00:00.000",275,22,28304,293.594,91.037,82.014
"January 9th 2017, 06:00:00.000",275,22,28186,235.606,86.729,79.173
"January 9th 2017, 09:00:00.000",275,22,27506,270.189,89.512,80.668
"January 9th 2017, 12:00:00.000",275,22,28230,252.494,87.467,79.52
"January 9th 2017, 15:00:00.000",275,22,28222,237.656,86.446,78.932
"January 9th 2017, 18:00:00.000",275,22,28172,250.417,87.531,79.589
"January 9th 2017, 21:00:00.000",275,22,27748,286.778,89.605,80.637
"January 10th 2017, 00:00:00.000",275,22,28312,244.783,88.148,80.487
"January 10th 2017, 03:00:00.000",275,22,28032,248.133,88.777,81.031
"January 10th 2017, 06:00:00.000",275,22,27046,258.372,89.15,80.556
"January 10th 2017, 09:00:00.000",275,22,27322,256.4,87.771,79.397
"January 10th 2017, 12:00:00.000",275,22,27950,206.511,84.788,78.376
"January 10th 2017, 15:00:00.000",275,22,28018,241.728,86.987,79.477
"January 10th 2017, 18:00:00.000",275,22,27786,252.739,88.079,79.778
"January 10th 2017, 21:00:00.000",275,22,27978,251.183,86.651,78.558
"January 11th 2017, 00:00:00.000",275,22,28186,209.05,86.929,80.343
"January 11th 2017, 03:00:00.000",275,22,28326,233.689,87.924,80.404
"January 11th 2017, 06:00:00.000",275,22,28038,258.567,89.317,80.944
"January 11th 2017, 09:00:00.000",275,22,27966,256.078,87.685,79.797
"January 11th 2017, 12:00:00.000",275,22,26830,249.911,89.452,81.148
"January 11th 2017, 15:00:00.000",275,22,28374,225.367,87.863,81.151
"January 11th 2017, 18:00:00.000",275,22,28136,242.994,87.759,80.233
"January 11th 2017, 21:00:00.000",275,22,28046,212.406,86.204,79.623
"January 12th 2017, 00:00:00.000",275,22,28350,224.739,88.173,81.366
"January 12th 2017, 03:00:00.000",275,22,28350,230.356,89.364,82.117
"January 12th 2017, 06:00:00.000",275,22,27648,198.4,87.184,80.968
"January 12th 2017, 09:00:00.000",275,22,27304,225.778,87.486,80.208
"January 12th 2017, 12:00:00.000",275,22,27422,228.922,88.532,81.13
"January 12th 2017, 15:00:00.000",275,22,27450,284.1,91.522,82.739
"January 12th 2017, 18:00:00.000",275,22,28002,237.522,88.202,80.661
"January 12th 2017, 21:00:00.000",275,22,27608,258.028,89.032,80.93
"January 13th 2017, 00:00:00.000",275,22,27944,241.889,87.93,80.184
"January 13th 2017, 03:00:00.000",275,22,27946,259.817,89.289,81.006
"January 13th 2017, 06:00:00.000",275,22,26414,270.094,89.867,80.696
"January 13th 2017, 09:00:00.000",275,22,26402,283.022,90.106,80.482
"January 13th 2017, 12:00:00.000",275,22,27296,252.989,87.173,79.301
"January 13th 2017, 15:00:00.000",275,22,26492,285.983,91.102,81.479
"January 13th 2017, 18:00:00.000",275,22,26666,285.383,89.995,80.677
"January 13th 2017, 21:00:00.000",275,22,27390,248.078,87.597,79.527
"January 14th 2017, 00:00:00.000",275,22,26936,247.956,88.627,80.466
"January 14th 2017, 03:00:00.000",275,22,26890,214.494,87.542,80.645
"January 14th 2017, 06:00:00.000",275,22,27052,247.478,87.454,79.629
"January 14th 2017, 09:00:00.000",275,22,26852,298.594,89.757,80.106
"January 14th 2017, 12:00:00.000",275,22,26796,255.25,87.848,79.193
"January 14th 2017, 15:00:00.000",275,22,27290,239.356,86.795,78.984
"January 14th 2017, 18:00:00.000",275,22,26728,257.478,89.05,80.342
"January 14th 2017, 21:00:00.000",275,22,26726,309.106,90.58,80.432
"January 15th 2017, 00:00:00.000",275,22,26922,228.017,87.044,79.258
"January 15th 2017, 03:00:00.000",275,22,26612,252.706,84.53,76.307
"January 15th 2017, 06:00:00.000",275,22,26610,212.528,72.091,65.102
"January 15th 2017, 09:00:00.000",275,22,26766,329.811,91.527,80.749
"January 15th 2017, 12:00:00.000",275,22,27072,292.344,89.016,79.539
"January 15th 2017, 15:00:00.000",275,22,26768,293.428,89.093,79.411
"January 15th 2017, 18:00:00.000",275,22,26586,313.506,90.956,80.617
"January 15th 2017, 21:00:00.000",275,22,26482,301.861,90.456,80.385
"January 16th 2017, 00:00:00.000",275,22,27368,246.189,86.992,79.137
"January 16th 2017, 03:00:00.000",275,22,27330,260.6,87.88,79.641
"January 16th 2017, 06:00:00.000",275,22,26678,256.972,87.838,79.598
"January 16th 2017, 09:00:00.000",275,22,26408,299.944,90.695,80.503
"January 16th 2017, 12:00:00.000",275,22,26330,208.939,75.884,68.875
"January 16th 2017, 15:00:00.000",275,22,26636,295.322,84.557,74.839
"January 16th 2017, 18:00:00.000",275,22,26538,301.278,89.51,79.434
"January 16th 2017, 21:00:00.000",275,22,25994,285.822,89.494,79.707
"January 17th 2017, 00:00:00.000",275,22,26290,322.794,91.057,80.054
"January 17th 2017, 03:00:00.000",275,22,25544,296.856,90.649,80.386
"January 17th 2017, 06:00:00.000",275,22,25660,294.033,89.426,79.284
"January 17th 2017, 09:00:00.000",275,22,24868,336.556,91.981,79.918
"January 17th 2017, 12:00:00.000",275,22,25198,335.128,91.082,79.424
"January 17th 2017, 15:00:00.000",275,22,25718,288.467,86.569,76.576
"January 17th 2017, 18:00:00.000",275,22,25252,293.489,80.402,70.204
"January 17th 2017, 21:00:00.000",275,22,25498,349.022,90.963,79.052
"January 18th 2017, 00:00:00.000",275,22,25356,348.306,91.266,79.051
"January 18th 2017, 03:00:00.000",275,22,25324,311.689,89.53,78.119
"January 18th 2017, 06:00:00.000",275,22,25276,293.572,86.824,76.445
"January 18th 2017, 09:00:00.000",275,22,25158,180.506,72.482,66.202
"January 18th 2017, 12:00:00.000",275,22,24714,219.456,58.639,50.919
"January 18th 2017, 15:00:00.000",275,22,25296,370.644,87.159,74.167
"January 18th 2017, 18:00:00.000",275,22,24818,371.761,92.559,79.337
"January 18th 2017, 21:00:00.000",275,22,24886,381.967,92.284,78.858
"January 19th 2017, 00:00:00.000",275,22,24924,352.672,91.219,78.417
"January 19th 2017, 03:00:00.000",275,22,25078,320.9,90.087,78.722
"January 19th 2017, 06:00:00.000",275,22,24970,336.072,90.199,78.431
"January 19th 2017, 09:00:00.000",275,22,25202,358.567,89.147,76.596
"January 19th 2017, 12:00:00.000",275,22,25290,349.678,91.048,78.828
"January 19th 2017, 15:00:00.000",275,22,25228,325.839,85.448,73.858
"January 19th 2017, 18:00:00.000",275,22,25220,376.711,91.258,78.253
"January 19th 2017, 21:00:00.000",275,22,25286,350.911,89.985,77.652
"January 20th 2017, 00:00:00.000",275,22,25472,333.872,89.425,78.03
"January 20th 2017, 03:00:00.000",275,22,25558,301.411,88.177,77.787
"January 20th 2017, 06:00:00.000",275,22,25394,343.389,90.454,78.518
"January 20th 2017, 09:00:00.000",275,22,25420,265.506,78.025,68.87
"January 20th 2017, 12:00:00.000",275,22,25482,304.872,81.662,71.112
"January 20th 2017, 15:00:00.000",275,22,25952,327.994,88.224,76.941
"January 20th 2017, 18:00:00.000",275,22,25504,345.844,89.678,77.748
"January 20th 2017, 21:00:00.000",275,75,25510,352.217,90.617,78.282
"January 21st 2017, 00:00:00.000",275,75,25782,320.161,89.319,78.565
"January 21st 2017, 03:00:00.000",275,75,25200,311.717,89.658,78.843
"January 21st 2017, 06:00:00.000",275,75,24712,345,92.523,80.148
"January 21st 2017, 09:00:00.000",275,75,24696,350.378,91.081,78.554
"January 21st 2017, 12:00:00.000",275,75,25836,359.078,91.645,79.499
"January 21st 2017, 15:00:00.000",275,75,25852,322.128,88.892,77.814
"January 21st 2017, 18:00:00.000",275,75,25690,339.944,89.927,78.508
"January 21st 2017, 21:00:00.000",275,75,25224,343.094,91.871,79.407
"January 22nd 2017, 00:00:00.000",275,75,25804,318.133,90.007,78.925
"January 22nd 2017, 03:00:00.000",275,75,25704,300.089,89.689,79.342
"January 22nd 2017, 06:00:00.000",275,75,25324,324.417,90.909,79.819
"January 22nd 2017, 09:00:00.000",275,75,23198,344.111,93.16,80.011
"January 22nd 2017, 12:00:00.000",275,75,25730,317.389,90.131,79.067
"January 22nd 2017, 15:00:00.000",275,75,26164,316.217,90.258,79.511
"January 22nd 2017, 18:00:00.000",275,75,25962,282.594,88.219,78.594
"January 22nd 2017, 21:00:00.000",275,75,25736,316.206,90.265,79.261
"January 23rd 2017, 00:00:00.000",275,75,26128,325.444,90.526,79.442
"January 23rd 2017, 03:00:00.000",275,75,25738,289.428,89.371,79.597
"January 23rd 2017, 06:00:00.000",275,75,25538,321.522,90.473,79.606
"January 23rd 2017, 09:00:00.000",275,75,25834,322.478,90.439,79.413
"January 23rd 2017, 12:00:00.000",275,75,25388,256.428,80.968,72.072
"January 23rd 2017, 15:00:00.000",275,75,25402,296.65,85.478,75.06
"January 23rd 2017, 18:00:00.000",275,75,25182,352.833,91.943,79.501
"January 23rd 2017, 21:00:00.000",275,7.5,25272,335.433,90.44,78.784
"January 24th 2017, 00:00:00.000",275,75,25514,316.511,89.731,78.838
"January 24th 2017, 03:00:00.000",275,75,25632,299.694,89.182,79.014
"January 24th 2017, 06:00:00.000",275,75,24920,309.894,89.832,78.894
"January 24th 2017, 09:00:00.000",275,75,23930,324.789,91.818,79.676
"January 24th 2017, 12:00:00.000",275,75,25368,325.333,91.133,79.794
"January 24th 2017, 15:00:00.000",275,75,26036,326.567,90.416,79.386
"January 24th 2017, 18:00:00.000",275,75,25626,330.761,90.323,78.91
"January 24th 2017, 21:00:00.000",275,75,25818,322.511,90.599,79.523
"January 25th 2017, 00:00:00.000",275,75,26349.429,286.943,88.876,78.802
"January 25th 2017, 03:00:00.000",275,75,26360,256.928,87.874,78.828
"January 25th 2017, 06:00:00.000",275,75,25604,308.094,89.864,79.341
"January 25th 2017, 09:00:00.000",275,75,25480,325.211,90.432,79.211
"January 25th 2017, 12:00:00.000",275,75,25544,316.972,90.468,79.423
"January 25th 2017, 15:00:00.000",275,75,25918,325.761,90.233,79.139
"January 25th 2017, 18:00:00.000",275,75,26154,330.361,89.405,78.257
"January 25th 2017, 21:00:00.000",275,75,26116,336.367,89.464,78.158
"January 26th 2017, 00:00:00.000",275,75,26262.031,322.975,89.532,78.651
"January 26th 2017, 03:00:00.000",275,75,26328,309.828,89.579,79.211
"January 26th 2017, 06:00:00.000",275,75,25894,333.572,89.453,78.03
"January 26th 2017, 09:00:00.000",275,75,25446,288.728,82.888,72.949
"January 26th 2017, 12:00:00.000",275,75,26184,351.361,89.572,77.774
"January 26th 2017, 15:00:00.000",275,75,26532,321.906,89.616,78.915
"January 26th 2017, 18:00:00.000",275,75,26258,326.961,89.544,78.571
"January 26th 2017, 21:00:00.000",275,75,26184,334.539,89.549,78.277
"January 27th 2017, 00:00:00.000",275,75,26532,306.239,89.611,79.426
"January 27th 2017, 03:00:00.000",275,75,26550,298.467,89.456,79.568
"January 27th 2017, 06:00:00.000",275,75,26290,312.583,89.529,79.048
"January 27th 2017, 09:00:00.000",275,75,26356,322.744,89.457,78.673
"January 27th 2017, 12:00:00.000",275,75,26970,306.1,89.554,79.561
"January 27th 2017, 15:00:00.000",275,75,2718s0,288.361,89.418,80.048
"January 27th 2017, 18:00:00.000",275,75,26880,286.067,89.389,80.034
"January 27th 2017, 21:00:00.000",275,75,27032,286.011,89.485,80.176
"January 28th 2017, 00:00:00.000",275,75,27268,251.411,89.538,81.396
"January 28th 2017, 03:00:00.000",275,75,27300,233.228,89.515,81.966
"January 28th 2017, 06:00:00.000",275,75,27048,246.222,89.439,81.382
"January 28th 2017, 09:00:00.000",275,75,26918,263.528,89.496,80.817
"January 28th 2017, 12:00:00.000",275,75,26496,255.906,85.819,77.274
"January 28th 2017, 15:00:00.000",275,75,26834,254.761,89.672,81.311
"January 28th 2017, 18:00:00.000",275,75,26804,254.078,89.45,81.106
"January 28th 2017, 21:00:00.000",275,75,26854,254.656,89.443,81.079
"January 29th 2017, 00:00:00.000",275,75,26982,232.517,89.474,81.851
"January 29th 2017, 03:00:00.000",275,75,27144,220.383,89.521,82.338
"January 29th 2017, 06:00:00.000",275,75,26834,236.678,89.423,81.649
"January 29th 2017, 09:00:00.000",275,75,26656,252.656,89.366,81.004
"January 29th 2017, 12:00:00.000",275,75,26616,262.5,89.427,80.749
"January 29th 2017, 15:00:00.000",275,75,26806,240.344,89.536,81.614
"January 29th 2017, 18:00:00.000",275,75,26746,259.144,89.398,80.859
"January 29th 2017, 21:00:00.000",275,75,26852,253.233,89.258,80.991
"January 30th 2017, 00:00:00.000",275,75,27164,225.872,89.54,82.195
"January 30th 2017, 03:00:00.000",275,75,27250,215.433,89.468,82.482
"January 30th 2017, 06:00:00.000",275,75,26958,229.283,89.488,81.968
"January 30th 2017, 09:00:00.000",275,75,26980,231.756,89.426,81.843
"January 30th 2017, 12:00:00.000",275,75,26828,222.033,89.487,82.223
"January 30th 2017, 15:00:00.000",275,75,25534,215.172,89.534,82.057
"January 30th 2017, 18:00:00.000",275,75,25262,217.072,89.451,81.874
"January 30th 2017, 21:00:00.000",275,75,25144,204.056,89.47,82.249
"January 31st 2017, 00:00:00.000",275,75,23690,197.35,89.523,82.163
"January 31st 2017, 03:00:00.000",275,75,24542,158.083,82.154,76.369
"January 31st 2017, 06:00:00.000",275,75,26068,191.972,81.642,75.15
"January 31st 2017, 09:00:00.000",275,75,25940,195.25,79.401,72.874
"January 31st 2017, 12:00:00.000",275,75,24284,188.433,89.568,82.672
"January 31st 2017, 15:00:00.000",275,75,22122,170,89.45,82.66
"January 1st 2017, 15:00:00.000",274,75,8339.294,161.224,59.021,42.238
"January 1st 2017, 18:00:00.000",274,75,8328,164.8,59.403,42.188
"January 1st 2017, 21:00:00.000",274,75,8352,195.844,64.44,44.066
"January 2nd 2017, 00:00:00.000",274,75,8526,293.272,84.842,55.643
"January 2nd 2017, 03:00:00.000",274,75,8534,289.5,88.536,58.903
"January 2nd 2017, 06:00:00.000",274,75,8634,289.117,88.928,59.457
"January 2nd 2017, 09:00:00.000",274,75,8578,256.122,85.26,58.496
"January 2nd 2017, 12:00:00.000",274,75,8432,289.9,88.102,58.618
"January 2nd 2017, 15:00:00.000",274,75,8426,280.467,88.206,58.524
"January 2nd 2017, 18:00:00.000",274,75,8292,284.272,86.427,56.903
"January 2nd 2017, 21:00:00.000",274,75,8392,295.522,89.158,59.214
"January 3rd 2017, 00:00:00.000",274,75,8436,260.606,86.238,59.058
"January 3rd 2017, 03:00:00.000",274,75,8790,298.244,90.471,61.433
"January 3rd 2017, 06:00:00.000",274,75,8716,277.344,89.116,61.344
"January 3rd 2017, 09:00:00.000",274,75,8752,293.283,89.637,60.933
"January 3rd 2017, 12:00:00.000",274,75,8786,288.411,89.805,60.786
"January 3rd 2017, 15:00:00.000",274,75,9136,293.544,89.191,61.306
"January 3rd 2017, 18:00:00.000",274,75,9288,301.844,89.724,61.484
"January 3rd 2017, 21:00:00.000",274,75,9058,300.372,88.232,60.38
"January 4th 2017, 00:00:00.000",274,75,9216,290.994,88.869,60.913
"January 4th 2017, 03:00:00.000",274,75,9390,281.017,89.68,62.06
"January 4th 2017, 06:00:00.000",274,75,9160,286.783,90.388,62.456
"January 4th 2017, 09:00:00.000",274,75,9170,281.667,89.214,62.396
"January 4th 2017, 12:00:00.000",274,75,9216,266.511,87.249,62.143
"January 4th 2017, 15:00:00.000",274,75,9384,281.172,90.021,63.422
"January 4th 2017, 18:00:00.000",274,75,9446,259.317,88.338,64.277
"January 4th 2017, 21:00:00.000",274,75,9308,307.144,91.927,63.092
"January 5th 2017, 00:00:00.000",274,75,9332,277.789,87.032,62.318
"January 5th 2017, 03:00:00.000",274,75,9340,266.644,89.188,63.496
"January 5th 2017, 06:00:00.000",274,75,9032,281.528,89.99,62.715
"January 5th 2017, 09:00:00.000",274,75,8938,269.583,88.666,61.917
"January 5th 2017, 12:00:00.000",274,75,9010,285.783,88.756,61.664
"January 5th 2017, 15:00:00.000",274,75,9176,275.572,91.168,64.567
"January 5th 2017, 18:00:00.000",274,75,9068,268.117,90.021,63.858
"January 5th 2017, 21:00:00.000",274,75,8918,267.589,87.243,61.087
"January 6th 2017, 00:00:00.000",274,75,8930,286.894,90.567,61.985
"January 6th 2017, 03:00:00.000",274,75,8872,267.717,89.161,62.402
"January 6th 2017, 06:00:00.000",274,75,8834,302.856,93.081,62.849
"January 6th 2017, 09:00:00.000",274,75,8864,291.444,91.462,62.276
"January 6th 2017, 12:00:00.000",274,75,9112,298.322,90.481,62.228
"January 6th 2017, 15:00:00.000",274,75,9696,281.839,87.732,62.92
"January 6th 2017, 18:00:00.000",274,75,9534,290.8,89.814,62.746
"January 6th 2017, 21:00:00.000",274,75,9592,281.911,87.764,62.04
"January 7th 2017, 00:00:00.000",274,75,9556,289.694,88.981,62.823
"January 7th 2017, 03:00:00.000",274,75,9276,256.278,87.025,62.777
"January 7th 2017, 06:00:00.000",274,75,8936,288.267,90.765,62.611
"January 7th 2017, 09:00:00.000",274,75,8928,278.806,89.231,61.653
"January 7th 2017, 12:00:00.000",274,75,8878,286.761,89.321,60.633
"January 7th 2017, 15:00:00.000",274,75,8884,302.144,89.925,60.648
"January 7th 2017, 18:00:00.000",274,75,8906,278.539,88.849,60.654
"January 7th 2017, 21:00:00.000",274,75,8994,295.544,89.422,61.212
"January 8th 2017, 00:00:00.000",274,75,9068,272.672,87.762,61.407
"January 8th 2017, 03:00:00.000",274,75,9094,234.244,84.284,62.063
"January 8th 2017, 06:00:00.000",274,75,9038,245.817,85.596,62.663
"January 8th 2017, 09:00:00.000",274,75,9034,267.533,89.208,63.506
"January 8th 2017, 12:00:00.000",274,75,9084,275.606,91.15,64.71
"January 8th 2017, 15:00:00.000",274,75,9034,250.233,88.906,64.634
"January 8th 2017, 18:00:00.000",274,75,8988,240.311,88.416,64.69
"January 8th 2017, 21:00:00.000",274,75,8942,264.378,89.592,64.052
"January 9th 2017, 00:00:00.000",274,75,8960,241.139,88.488,65.213
"January 9th 2017, 03:00:00.000",274,75,9002,234.683,89.879,67.034
"January 9th 2017, 06:00:00.000",274,75,8898,225.95,88.214,65.121
"January 9th 2017, 09:00:00.000",274,75,8890,244.583,90.227,66.085
"January 9th 2017, 12:00:00.000",274,75,8920,223.494,85.986,64.441
"January 9th 2017, 15:00:00.000",274,75,8988,231,86.719,63.895
"January 9th 2017, 18:00:00.000",274,75,8958,237.3,88.188,64.763
"January 9th 2017, 21:00:00.000",274,75,8962,243.578,88.017,64.661
"January 10th 2017, 00:00:00.000",274,75,9068,209.256,85.728,65.994
"January 10th 2017, 03:00:00.000",274,75,9024,230.894,89.443,66.65
"January 10th 2017, 06:00:00.000",274,75,8902,227.572,87.641,64.967
"January 10th 2017, 09:00:00.000",274,75,8872,245.539,88.651,63.993
"January 10th 2017, 12:00:00.000",274,75,9102,228.228,86.502,64.131
"January 10th 2017, 15:00:00.000",274,75,9492,234.267,88.762,65.901
"January 10th 2017, 18:00:00.000",274,75,9340,241.389,88.503,65.717
"January 10th 2017, 21:00:00.000",274,75,9074,229.883,86.16,63.908
"January 11th 2017, 00:00:00.000",274,75,9020,228.65,87.676,65.497
"January 11th 2017, 03:00:00.000",274,75,8936,224.694,88.857,66.807
"January 11th 2017, 06:00:00.000",274,75,8764,236.767,88.984,65.991
"January 11th 2017, 09:00:00.000",274,75,8758,220.539,86.142,64.468
"January 11th 2017, 12:00:00.000",274,75,8856,239.039,90.519,67.482
"January 11th 2017, 15:00:00.000",274,75,8952,204.7,87.252,67.184
"January 11th 2017, 18:00:00.000",274,75,8820,212.472,86.632,65.665
"January 11th 2017, 21:00:00.000",274,75,8796,220.133,85.694,63.958
"January 12th 2017, 00:00:00.000",274,75,8830,211.439,87.411,66.403
"January 12th 2017, 03:00:00.000",274,75,8934,208.8,88.397,68.276
"January 12th 2017, 06:00:00.000",274,75,8958,203.839,87.353,67.361
"January 12th 2017, 09:00:00.000",274,75,8894,234.106,87.801,64.958
"January 12th 2017, 12:00:00.000",274,75,8888,229.05,89.234,66.394
"January 12th 2017, 15:00:00.000",274,75,8834,235.228,90.11,66.947
"January 12th 2017, 18:00:00.000",274,75,8800,224.828,86.457,64.704
"January 12th 2017, 21:00:00.000",274,75,8792,256.589,89.913,63.738
"January 13th 2017, 00:00:00.000",274,75,8798,251.261,88.604,63.472
"January 13th 2017, 03:00:00.000",274,75,8818,231.206,88.529,64.883
"January 13th 2017, 06:00:00.000",274,75,8762,259.278,89.586,64.014
"January 13th 2017, 09:00:00.000",274,75,8744,260.344,89.208,62.865
"January 13th 2017, 12:00:00.000",274,75,8746,237.789,86.062,62.061
"January 13th 2017, 15:00:00.000",274,75,8976,276.7,90.657,63.445
"January 13th 2017, 18:00:00.000",274,75,9006,282.828,89.701,62.843
"January 13th 2017, 21:00:00.000",274,75,9134,253.389,86.862,62.421
"January 14th 2017, 00:00:00.000",274,75,9696,240.339,84.988,64.36
"January 14th 2017, 03:00:00.000",274,75,9762,236.633,87.126,65.687
"January 14th 2017, 06:00:00.000",274,75,9536,258.089,87.993,64.282
"January 14th 2017, 09:00:00.000",274,75,9614,291.306,90.143,63.605
"January 14th 2017, 12:00:00.000",274,75,10000,279.056,87.821,63.267
"January 14th 2017, 15:00:00.000",274,75,10358,267.522,87.572,64.623
"January 14th 2017, 18:00:00.000",274,75,10486,263.467,88.215,65.874
"January 14th 2017, 21:00:00.000",274,75,11176,287.9,88.254,66.336
"January 15th 2017, 00:00:00.000",274,75,12256,290.617,89.104,67.911
"January 15th 2017, 03:00:00.000",274,75,12260,231.183,82.596,66.244
"January 15th 2017, 06:00:00.000",274,75,11488,220.522,72.399,55.622
"January 15th 2017, 09:00:00.000",274,75,11666,307.45,90.507,67.418
"January 15th 2017, 12:00:00.000",274,75,11712,287.378,88.116,66.999
"January 15th 2017, 15:00:00.000",274,75,11966,300.606,90.024,67.468
"January 15th 2017, 18:00:00.000",274,75,12296,294.483,89.15,67.704
"January 15th 2017, 21:00:00.000",274,75,12234,282.328,87.679,68.129
"January 16th 2017, 00:00:00.000",274,75,12182,268.894,88.761,69.575
"January 16th 2017, 03:00:00.000",274,75,12144,253.256,87.806,69.32
"January 16th 2017, 06:00:00.000",274,75,12660,245.5,87.601,70.016
"January 16th 2017, 09:00:00.000",274,75,13270,292.894,90.272,71.187
"January 16th 2017, 12:00:00.000",274,75,13048,217.578,76.966,62.379
"January 16th 2017, 15:00:00.000",274,75,12994,290.083,84.54,64.92
"January 16th 2017, 18:00:00.000",274,75,13394,290.433,89.193,70.181
"January 16th 2017, 21:00:00.000",274,75,14282,307.428,90.298,71.23
"January 17th 2017, 00:00:00.000",274,75,14726,289.444,89.672,72.126
"January 17th 2017, 03:00:00.000",274,75,15172,267.956,88.048,72.832
"January 17th 2017, 06:00:00.000",274,75,16142,302.667,89.512,72.918
"January 17th 2017, 09:00:00.000",274,75,16974,320.444,91.447,74.776
"January 17th 2017, 12:00:00.000",274,75,17284,318.622,90.442,74.589
"January 17th 2017, 15:00:00.000",274,75,17498,320.222,88.048,71.906
"January 17th 2017, 18:00:00.000",274,75,17696,302.144,80.549,65.522
"January 17th 2017, 21:00:00.000",274,75,18324,340.206,90.555,74.063
"January 18th 2017, 00:00:00.000",274,75,18350,308.261,87.941,73.613
"January 18th 2017, 03:00:00.000",274,75,17926,349.733,91.64,74.441
"January 18th 2017, 06:00:00.000",274,75,17614,295.594,87.465,72.723
"January 18th 2017, 09:00:00.000",274,75,18122,242.094,72.762,61.084
"January 18th 2017, 12:00:00.000",274,75,18426,188.044,58.786,49.896
"January 18th 2017, 15:00:00.000",274,75,18162,369.111,87.655,69.856
"January 18th 2017, 18:00:00.000",274,75,19088,330.272,90.136,74.994
"January 18th 2017, 21:00:00.000",274,75,18638,335.7,90.457,74.542
"January 19th 2017, 00:00:00.000",274,75,19062,315.7,89.506,74.988
"January 19th 2017, 03:00:00.000",274,75,19104,334.344,91.393,75.811
"January 19th 2017, 06:00:00.000",274,75,18666,338.967,90.738,74.718
"January 19th 2017, 09:00:00.000",274,75,18534,341.839,88.982,72.799
"January 19th 2017, 12:00:00.000",274,75,19270,318.439,89.619,75.359
"January 19th 2017, 15:00:00.000",274,75,18878,286.55,83.845,70.748
"January 19th 2017, 18:00:00.000",274,75,18834,343.783,90.144,74.006
"January 19th 2017, 21:00:00.000",274,75,18570,350.539,90.571,73.918
"January 20th 2017, 00:00:00.000",274,75,18336,316.706,89.705,74.603
"January 20th 2017, 03:00:00.000",274,75,18452,298.344,87.867,73.882
"January 20th 2017, 06:00:00.000",274,75,18194,308.167,89.37,74.454
"January 20th 2017, 09:00:00.000",274,75,17762,259.011,77.701,64.924
"January 20th 2017, 12:00:00.000",274,75,17812,326.506,81.655,65.615
"January 20th 2017, 15:00:00.000",274,75,18050,314.2,88.908,73.401
"January 20th 2017, 18:00:00.000",274,75,17846,337.667,89.816,73.423
"January 20th 2017, 21:00:00.000",274,75,17930,360.956,90.761,73.494
"January 21st 2017, 00:00:00.000",274,75,18040,311.35,88.406,73.504
"January 21st 2017, 03:00:00.000",274,75,17932,327.011,90.946,74.767
"January 21st 2017, 06:00:00.000",274,75,17964,341.383,92.403,75.685
"January 21st 2017, 09:00:00.000",274,75,17906,330.567,91.224,74.972
"January 21st 2017, 12:00:00.000",274,75,18256,340.35,91.241,74.791
"January 21st 2017, 15:00:00.000",274,75,18112,343.044,90.116,73.342
"January 21st 2017, 18:00:00.000",274,75,18040,340.461,90.392,73.649
"January 21st 2017, 21:00:00.000",274,75,18276,349.1,92.307,75.478
"January 22nd 2017, 00:00:00.000",274,75,18186,309.05,88.488,73.709
"January 22nd 2017, 03:00:00.000",274,75,18014,303.25,89.286,74.286
"January 22nd 2017, 06:00:00.000",274,75,17892,309.578,90.006,74.836
"January 22nd 2017, 09:00:00.000",274,75,18362,344.861,92.911,76.367
"January 22nd 2017, 12:00:00.000",274,75,18078,315.1,89.542,73.819
"January 22nd 2017, 15:00:00.000",274,75,18092,285.828,88.328,74.421
"January 22nd 2017, 18:00:00.000",274,75,17874,306.85,88.525,73.42
"January 22nd 2017, 21:00:00.000",274,75,17536,318.939,89.781,73.923
"January 23rd 2017, 00:00:00.000",274,75,17858,298.333,89.273,74.48
"January 23rd 2017, 03:00:00.000",274,75,17834,285.672,88.755,74.497
"January 23rd 2017, 06:00:00.000",274,75,17424,320.856,90.909,74.743
"January 23rd 2017, 09:00:00.000",274,75,18250,327.878,90.634,74.861
"January 23rd 2017, 12:00:00.000",274,75,17810,290.339,81.079,66.747
"January 23rd 2017, 15:00:00.000",274,75,18056,315.783,84.778,69.222
"January 23rd 2017, 18:00:00.000",274,75,18014,336.594,89.442,73.193
"January 23rd 2017, 21:00:00.000",274,75,18032,349.383,89.849,72.766
"January 24th 2017, 00:00:00.000",274,75,18068,331.361,89.55,73.425
"January 24th 2017, 03:00:00.000",274,75,17874,315.417,89.21,73.321
"January 24th 2017, 06:00:00.000",274,75,17900,359.694,92.415,74.554
"January 24th 2017, 09:00:00.000",274,75,18154,343.55,92.758,76.001
"January 24th 2017, 12:00:00.000",274,75,17980,336.517,91.239,74.784
"January 24th 2017, 15:00:00.000",274,75,17782,309.2,89.174,74.068
"January 24th 2017, 18:00:00.000",274,75,17566,342.094,90.907,73.386
"January 24th 2017, 21:00:00.000",274,75,17630,345.95,91.814,74.461
"January 25th 2017, 00:00:00.000",274,75,17660.571,297.507,88.223,73.335
"January 25th 2017, 03:00:00.000",274,75,17658,280.972,88.921,74.098
"January 25th 2017, 06:00:00.000",274,75,18250,317.7,91.003,75.47
"January 25th 2017, 09:00:00.000",274,75,18314,334.711,91.443,75.304
"January 25th 2017, 12:00:00.000",274,75,18264,317.989,89.789,74.373
"January 25th 2017, 15:00:00.000",274,75,18264,334.667,90.62,74.423
"January 25th 2017, 18:00:00.000",274,75,18268,338.089,89.553,73.324
"January 25th 2017, 21:00:00.000",274,75,18236,329.856,89.023,73.134
"January 26th 2017, 00:00:00.000",274,75,18270.132,329.938,89.783,73.936
"January 26th 2017, 03:00:00.000",274,75,18294,310.933,89.412,74.495
"January 26th 2017, 06:00:00.000",274,75,17938,317.239,89.203,73.663
"January 26th 2017, 09:00:00.000",274,75,17650,323.311,83.047,66.972
"January 26th 2017, 12:00:00.000",274,75,18118,347.944,89.436,72.535
"January 26th 2017, 15:00:00.000",274,75,18390,311.594,89.551,74.647
"January 26th 2017, 18:00:00.000",274,75,18194,323.344,89.494,73.848
"January 26th 2017, 21:00:00.000",274,75,17978,333.983,89.619,73.285
"January 27th 2017, 00:00:00.000",274,75,18206,312.617,89.546,74.446
"January 27th 2017, 03:00:00.000",274,75,18206,295.239,89.413,75.145
"January 27th 2017, 06:00:00.000",274,75,18018,311.078,89.541,74.304
"January 27th 2017, 09:00:00.000",274,75,18034,320.367,89.616,74.003
"January 27th 2017, 12:00:00.000",274,75,18464,295.2,89.552,75.474
"January 27th 2017, 15:00:00.000",274,75,18592,273.839,89.42,76.454
"January 27th 2017, 18:00:00.000",274,75,18376,270.767,89.343,76.36
"January 27th 2017, 21:00:00.000",274,75,18476,261.661,89.431,76.943
"January 28th 2017, 00:00:00.000",274,75,18696,233.628,89.482,78.459
"January 28th 2017, 03:00:00.000",274,75,18696,225.617,89.481,78.824
"January 28th 2017, 06:00:00.000",274,75,18510,227.517,89.479,78.588
"January 28th 2017, 09:00:00.000",274,75,18394,244.233,89.408,77.721
"January 28th 2017, 12:00:00.000",274,75,18100,232.661,85.497,74.249
"January 28th 2017, 15:00:00.000",274,75,18306,238.089,89.418,77.96
"January 28th 2017, 18:00:00.000",274,75,18266,239.478,89.417,77.858
"January 28th 2017, 21:00:00.000",274,75,18272,238.122,89.366,77.867
"January 29th 2017, 00:00:00.000",274,75,18394,221.733,89.461,78.763
"January 29th 2017, 03:00:00.000",274,75,18446,210.267,89.465,79.418
"January 29th 2017, 06:00:00.000",274,75,18268,215.489,89.406,78.978
"January 29th 2017, 09:00:00.000",274,75,18170,238.972,89.344,77.752
"January 29th 2017, 12:00:00.000",274,75,18136,254.656,89.451,77.093
"January 29th 2017, 15:00:00.000",274,75,18216,241.294,89.459,77.757
"January 29th 2017, 18:00:00.000",274,75,18194,243.383,89.331,77.434
"January 29th 2017, 21:00:00.000",274,75,18232,239.283,89.45,77.868
"January 30th 2017, 00:00:00.000",274,75,18482,220.217,89.457,78.952
"January 30th 2017, 03:00:00.000",274,75,18544,199.672,89.479,79.984
"January 30th 2017, 06:00:00.000",274,75,18316,212.067,89.402,79.198
"January 30th 2017, 09:00:00.000",274,75,18286,222.222,89.47,78.754
"January 30th 2017, 12:00:00.000",274,75,18408,212.694,89.563,79.399
"January 30th 2017, 15:00:00.000",274,75,18762,194.133,89.509,80.382
"January 30th 2017, 18:00:00.000",274,75,18638,194.056,89.352,80.159
"January 30th 2017, 21:00:00.000",274,75,18656,208.556,89.438,79.583
"January 31st 2017, 00:00:00.000",274,75,19140,176.006,89.542,81.443
"January 31st 2017, 03:00:00.000",274,75,18158,147.867,81.899,74.729
"January 31st 2017, 06:00:00.000",274,75,17774,186.706,81.945,72.686

"January 9th 2017, 12:00:00.000",133,,2.7,233.983,146.778,70.861
"January 9th 2017, 15:00:00.000",133,,2.729,242.178,146.172,68.894
"January 9th 2017, 18:00:00.000",133,,2.985,245.678,146.167,74.017
"January 9th 2017, 21:00:00.000",133,,2.606,223.172,145.644,70.967
"January 10th 2017, 00:00:00.000",133,,2.331,191.939,142.606,70.972
"January 10th 2017, 03:00:00.000",133,,2.628,213.911,139.928,69.061
"January 10th 2017, 06:00:00.000",133,,2.904,236.261,145.8,40.006
"January 10th 2017, 09:00:00.000",133,,3.306,255.45,142.40,74.544
"January 10th 2017, 12:00:00.000",133,200,3.116,238.783,141.383,74.072
"January 10th 2017, 15:00:00.000",133,200,3.277,241.333,139.422,73.606
"January 10th 2017, 18:00:00.000",133,200,3.559,246.411,136.944,40.622
"January 10th 2017, 21:00:00.000",133,200,3.05,229.567,139.95,73.722
"January 11th 2017, 00:00:00.000",133,200,2.913,220.189,137.978,71.833
"January 11th 2017, 03:00:00.000",133,200,3.12,209.278,131.522,72.806
"January 11th 2017, 06:00:00.000",133,200,3.137,237.35,139.806,73.144
"January 11th 2017, 09:00:00.000",133,200,2.723,228.278,145.133,71.856
"January 11th 2017, 12:00:00.000",133,200,3.191,228.95,138.361,72.672
"January 11th 2017, 15:00:00.000",133,200,3.363,212.267,130.411,74.339
"January 11th 2017, 18:00:00.000",133,200,3.564,246.422,136.706,40.40
"January 11th 2017, 21:00:00.000",133,200,2.749,233.472,144.889,70.667
"January 12th 2017, 00:00:00.000",133,200,2.43,206.672,142.894,68.628
"January 12th 2017, 03:00:00.000",133,200,2.385,197.411,140.328,68.167
"January 12th 2017, 06:00:00.000",133,200,2.671,211.944,141.811,71.406
"January 12th 2017, 09:00:00.000",133,200,2.79,232.183,145.139,72.25
"January 12th 2017, 12:00:00.000",133,200,2.983,222.872,137.939,72.078
"January 12th 2017, 15:00:00.000",133,200,2.924,217.322,137.033,71.656
"January 12th 2017, 18:00:00.000",133,200,3.041,238.794,142.206,73.217
"January 12th 2017, 21:00:00.000",133,200,3.269,259.422,143.444,74.144
"January 13th 2017, 00:00:00.000",133,200,3.196,259.022,144.261,73.078
"January 13th 2017, 03:00:00.000",133,200,3.071,252.622,144.089,72.128
"January 13th 2017, 06:00:00.000",133,200,3.429,283.956,147.406,40.15
"January 13th 2017, 09:00:00.000",133,200,3.626,295.178,149.444,77.772
"January 13th 2017, 12:00:00.000",133,200,3.637,287.539,146.628,77.339
"January 13th 2017, 15:00:00.000",133,200,3.654,291.85,145.55,40.517
"January 13th 2017, 18:00:00.000",133,200,3.668,302.461,148.056,40.978
"January 13th 2017, 21:00:00.000",133,200,3.803,306.344,147.878,77.467
"January 14th 2017, 00:00:00.000",133,200,3.263,240.556,147.572,73.811
"January 14th 2017, 03:00:00.000",133,200,3.354,267.483,143.894,74.261
"January 14th 2017, 06:00:00.000",133,200,3.476,288.489,148.128,40.389
"January 14th 2017, 09:00:00.000",133,200,4.171,321.206,147.083,79.183
"January 14th 2017, 12:00:00.000",133,200,4.905,337.661,143.361,82.194
"January 14th 2017, 15:00:00.000",133,200,4.592,326.394,142.878,80.661
"January 14th 2017, 18:00:00.000",133,200,4.774,300.744,136.689,80.861
"January 14th 2017, 21:00:00.000",133,200,4.272,314.539,144.1,78.967
"January 15th 2017, 00:00:00.000",133,200,3.741,292.922,145.306,76.6
"January 15th 2017, 03:00:00.000",133,200,3.741,280.722,141.867,76.228
"January 15th 2017, 06:00:00.000",133,200,3.781,287.822,143.217,76.672
"January 15th 2017, 09:00:00.000",133,200,4.393,318.05,143.017,79.911
"January 15th 2017, 12:00:00.000",133,200,4.983,342.867,142.172,81.406
"January 15th 2017, 15:00:00.000",133,200,5.342,333.7,139.144,84.028
"January 15th 2017, 18:00:00.000",133,200,5.151,330.483,139.378,82.806
"January 15th 2017, 21:00:00.000",133,200,4.732,306.35,137.55,80.556
"January 16th 2017, 00:00:00.000",133,200,3.678,272.678,140.40,40.922
"January 16th 2017, 03:00:00.000",133,200,3.555,265.40,140.994,40.728
"January 16th 2017, 06:00:00.000",133,200,4.32,295.422,139.867,79.244
"January 16th 2017, 09:00:00.000",133,200,4.647,303.178,138.089,80.778
"January 16th 2017, 12:00:00.000",133,200,4.348,274.083,125.933,70.183
"January 16th 2017, 15:00:00.000",133,200,4.817,304.717,131.744,76.033
"January 16th 2017, 18:00:00.000",133,200,4.367,303.822,141.094,79.694
"January 16th 2017, 21:00:00.000",133,200,4.055,313.178,146.178,78.578
"January 17th 2017, 00:00:00.000",133,200,3.749,296.683,145.706,76.289
"January 17th 2017, 03:00:00.000",133,200,3.951,300.283,144.006,77.572
"January 17th 2017, 06:00:00.000",133,200,4.74,343.678,145.783,81.117
"January 17th 2017, 09:00:00.000",133,200,5.181,351.106,142.878,83.111
"January 17th 2017, 12:00:00.000",133,200,5.294,358.028,143.306,83.483
"January 17th 2017, 15:00:00.000",133,200,4.45,338.589,147.167,80.528
"January 17th 2017, 18:00:00.000",133,200,5.223,365.467,145.233,82.406
"January 17th 2017, 21:00:00.000",133,200,5.334,367.267,145.956,84.817
"January 18th 2017, 00:00:00.000",133,200,4.545,342.817,147.511,81.244
"January 18th 2017, 03:00:00.000",133,200,4.43,350.55,149.85,80.267
"January 18th 2017, 06:00:00.000",133,200,5.268,382.617,147.267,83.05
"January 18th 2017, 09:00:00.000",133,200,4.008,320.206,147.05,70.922
"January 18th 2017, 12:00:00.000",133,200,3.447,233.811,110.661,50.606
"January 18th 2017, 15:00:00.000",133,200,5.194,401.872,144.783,77.144
"January 18th 2017, 18:00:00.000",133,200,5.795,384.117,144.15,85.667
"January 18th 2017, 21:00:00.000",133,200,5.994,380.272,141.3,85.261
"January 19th 2017, 00:00:00.000",133,200,5.671,373.411,142.644,84.444
"January 19th 2017, 03:00:00.000",133,200,5.18,357.894,144.089,83.506
"January 19th 2017, 06:00:00.000",133,200,6.268,416.033,144.189,85.533
"January 19th 2017, 09:00:00.000",133,200,6.286,340.428,137.922,85.4
"January 19th 2017, 12:00:00.000",133,200,5.509,358.306,141.228,84.017
"January 19th 2017, 15:00:00.000",133,200,4.955,359.522,147.311,83.378
"January 19th 2017, 18:00:00.000",133,200,5.218,372.15,147.089,84.461
"January 19th 2017, 21:00:00.000",133,200,5.388,381.572,146.717,84.528
"January 20th 2017, 00:00:00.000",133,200,4.603,346,147.506,81.722
"January 20th 2017, 03:00:00.000",133,200,4.594,347.056,147.328,81.133
"January 20th 2017, 06:00:00.000",133,200,5.63,385.283,145.2,84.583
"January 20th 2017, 09:00:00.000",133,200,6.127,401.5,144.111,86.444
"January 20th 2017, 12:00:00.000",133,200,5.419,388.428,147.761,84.817
"January 20th 2017, 15:00:00.000",133,200,4.588,346.361,147.55,81.172
"January 20th 2017, 18:00:00.000",133,200,4.937,362.822,147.644,82.85
"January 20th 2017, 21:00:00.000",133,200,5.024,370.567,147.633,82.922
"January 21st 2017, 00:00:00.000",133,200,4.616,348.883,147.778,81.583
"January 21st 2017, 03:00:00.000",133,200,4.779,358.994,147.733,81.872
"January 21st 2017, 06:00:00.000",133,200,5.181,375.961,147.517,83.733
"January 21st 2017, 09:00:00.000",133,200,6.073,411.878,146.672,86.956
"January 21st 2017, 12:00:00.000",133,200,5.388,386.072,147.572,84.667
"January 21st 2017, 15:00:00.000",133,200,4.929,369.183,148.811,82.983
"January 21st 2017, 18:00:00.000",133,200,4.58,349.189,148.494,81.622
"January 21st 2017, 21:00:00.000",133,200,4.77,358.478,148.578,82.739
"January 22nd 2017, 00:00:00.000",133,200,4.645,357.683,148.833,81.333
"January 22nd 2017, 03:00:00.000",133,200,4.356,338.961,148.278,80.244
"January 22nd 2017, 06:00:00.000",133,200,4.565,350.544,148.433,81.322
"January 22nd 2017, 09:00:00.000",133,200,5.351,387.5,148.133,84.544
"January 22nd 2017, 12:00:00.000",133,200,4.909,356.944,148.178,84.45
"January 22nd 2017, 15:00:00.000",133,220,4.994,363.25,146.328,82.494
"January 22nd 2017, 18:00:00.000",133,220,5.127,362.45,144.983,82.872
"January 22nd 2017, 21:00:00.000",133,220,5.163,355.256,143.4,82.778
"January 23rd 2017, 00:00:00.000",133,220,4.219,318.311,145.272,79.311
"January 23rd 2017, 03:00:00.000",133,220,4.279,321.422,145.267,79.511
"January 23rd 2017, 06:00:00.000",133,220,5.042,354.956,145.161,82.467
"January 23rd 2017, 09:00:00.000",133,220,5.29,355.356,143.089,83.661
"January 23rd 2017, 12:00:00.000",133,220,5.047,367.011,147.05,83.328
"January 23rd 2017, 15:00:00.000",133,220,4.801,356.239,146.989,82.006
"January 23rd 2017, 18:00:00.000",133,220,4.993,369.422,148.128,83.2
"January 23rd 2017, 21:00:00.000",133,220,4.661,346.189,147.7,82.422
"January 24th 2017, 00:00:00.000",133,220,4.3,333.111,147.844,79.967
"January 24th 2017, 03:00:00.000",133,220,4.197,328.711,147.789,79.328
"January 24th 2017, 06:00:00.000",133,220,4.707,351.922,147.606,81.656
"January 24th 2017, 09:00:00.000",133,220,4.666,350.172,147.883,82.283
"January 24th 2017, 12:00:00.000",133,220,4.512,338,147.167,81.417
"January 24th 2017, 15:00:00.000",133,220,4.711,322.783,141.567,81.033
"January 24th 2017, 18:00:00.000",133,220,4.974,360.072,147.561,83.511
"January 24th 2017, 21:00:00.000",133,220,5.203,354.983,143.017,82.872
"January 25th 2017, 00:00:00.000",133,220,4.084,312.485,145.669,78.777
"January 25th 2017, 03:00:00.000",133,220,3.861,303.772,146.383,77.717
"January 25th 2017, 06:00:00.000",133,220,4.376,336.3,148.222,80.217
"January 25th 2017, 09:00:00.000",133,220,4.425,341.578,148.717,81.106
"January 25th 2017, 12:00:00.000",133,220,4.484,348.244,148.911,80.917
"January 25th 2017, 15:00:00.000",133,220,4.457,345.944,148.75,80.822
"January 25th 2017, 18:00:00.000",133,220,4.864,368.4,148.8,82.228
"January 25th 2017, 21:00:00.000",133,220,4.971,364.161,148.267,83.861
"January 26th 2017, 00:00:00.000",133,220,4.685,353.718,147.88,81.219
"January 26th 2017, 03:00:00.000",133,220,4.415,344.467,148.856,80.367
"January 26th 2017, 06:00:00.000",133,220,5.105,375.572,148.05,83.056
"January 26th 2017, 09:00:00.000",133,220,5.797,396.094,144.744,84.761
"January 26th 2017, 12:00:00.000",133,220,5.151,359.006,145.294,83.844
"January 26th 2017, 15:00:00.000",133,220,4.895,348.633,145.422,82.856
"January 26th 2017, 18:00:00.000",133,220,5.036,359.061,146.061,83.328
"January 26th 2017, 21:00:00.000",133,220,5.058,367.356,146.15,82.572
"January 27th 2017, 00:00:00.000",133,220,4.227,326.528,147.372,79.761
"January 27th 2017, 03:00:00.000",133,220,4.096,316.25,145.972,78.539
"January 27th 2017, 06:00:00.000",133,220,4.628,341.722,146.589,81.572
"January 27th 2017, 09:00:00.000",133,220,4.545,337.994,146.522,80.933
"January 27th 2017, 12:00:00.000",133,220,3.902,306.389,147.867,78.978
"January 27th 2017, 15:00:00.000",133,220,3.206,256.339,144.378,74.178
"January 27th 2017, 18:00:00.000",133,220,3.379,271.839,144.472,74.078
"January 27th 2017, 21:00:00.000",133,220,3.614,282.706,145.094,76.322
"January 28th 2017, 00:00:00.000",133,220,2.969,241.744,142.7,71.633
"January 28th 2017, 03:00:00.000",133,220,2.595,214.344,141.483,69.45
"January 28th 2017, 06:00:00.000",133,220,2.529,211.894,142.139,69.317
"January 28th 2017, 09:00:00.000",133,220,2.757,227.6,144.417,72.383
"January 28th 2017, 12:00:00.000",133,220,3.635,269.728,144.139,78.594
"January 28th 2017, 15:00:00.000",133,220,2.989,233.433,142.094,73.661
"January 28th 2017, 18:00:00.000",133,220,2.996,236.944,142.083,72.556
"January 28th 2017, 21:00:00.000",133,220,2.898,236.05,141.972,70.806
"January 29th 2017, 00:00:00.000",133,220,2.567,209.872,140.028,68.85
"January 29th 2017, 03:00:00.000",133,220,2.51,203.1,139.15,68.794
"January 29th 2017, 06:00:00.000",133,220,2.597,208.861,139.694,69.456
"January 29th 2017, 09:00:00.000",133,220,3.088,246.772,143.5,73.456
"January 29th 2017, 12:00:00.000",133,220,3.326,266.206,145.044,74.922
"January 29th 2017, 15:00:00.000",133,220,3.021,249.294,145.144,72.967
"January 29th 2017, 18:00:00.000",133,220,3.219,258.761,145.45,75.406
"January 29th 2017, 21:00:00.000",133,220,2.87,238.222,145.606,72.7
"January 30th 2017, 00:00:00.000",133,220,2.531,217.228,143.694,69.033
"January 30th 2017, 03:00:00.000",133,220,2.605,200.822,136.711,69.572
"January 30th 2017, 06:00:00.000",133,220,2.541,207.689,141.839,71.167
"January 30th 2017, 09:00:00.000",133,220,2.897,248.572,144.294,69.306
"January 30th 2017, 12:00:00.000",133,220,2.422,208.806,142.933,67.611
"January 30th 2017, 15:00:00.000",133,220,2.145,184.083,142.722,67.178
"January 30th 2017, 18:00:00.000",133,220,2.293,193.378,141.067,67.794
"January 30th 2017, 21:00:00.000",133,220,2.393,197.422,139.506,67.611
"January 31st 2017, 00:00:00.000",133,220,2,170.511,139.067,64.839
"January 31st 2017, 03:00:00.000",133,220,1.833,159.422,138.967,63.433
"January 31st 2017, 06:00:00.000",133,220,2.178,189.35,142.772,66.844
"January 31st 2017, 09:00:00.000",133,220,2.186,192.783,144.017,67.117
"January 31st 2017, 12:00:00.000",133,220,2.051,174.4,141.5,67.311
"January 31st 2017, 15:00:00.000",133,220,2.676,228.8,141.2,65.95
"January 1st 2017, 15:00:00.000",226,220,5.869,291.059,135.371,91.588
"January 1st 2017, 18:00:00.000",226,220,5.835,291.922,135.856,91.689
"January 1st 2017, 21:00:00.000",226,220,5.558,283.394,136.467,91.317
"January 2nd 2017, 00:00:00.000",226,220,4.601,257.439,139.322,89.322
"January 2nd 2017, 03:00:00.000",226,220,3.514,229.194,143.7,86.439
"January 2nd 2017, 06:00:00.000",226,220,4.175,273.506,146.839,89.367
"January 2nd 2017, 09:00:00.000",226,220,3.633,254.122,148.906,87.383
"January 2nd 2017, 12:00:00.000",226,220,4.252,262.128,143.978,88.978
"January 2nd 2017, 15:00:00.000",226,220,4.82,271.811,139.983,89.833
"January 2nd 2017, 18:00:00.000",226,220,4.894,266.817,137.939,89.344
"January 2nd 2017, 21:00:00.000",226,220,4.45,260.289,140.294,88.739
"January 3rd 2017, 00:00:00.000",226,220,3.559,228.644,143.094,86.578
"January 3rd 2017, 03:00:00.000",226,220,3.438,221.606,142.85,86.239
"January 3rd 2017, 06:00:00.000",226,220,4.514,277.117,144.178,89.428
"January 3rd 2017, 09:00:00.000",226,220,4.046,253.011,143.35,87.733
"January 3rd 2017, 12:00:00.000",226,220,4.327,279.517,146.411,89.339
"January 3rd 2017, 15:00:00.000",226,220,3.822,250.183,144.95,87.306
"January 3rd 2017, 18:00:00.000",226,220,4.316,258.55,141.806,88.811
"January 3rd 2017, 21:00:00.000",226,220,4.162,278,147.594,88.856
"January 4th 2017, 00:00:00.000",226,220,3.825,233.706,141.067,87.267
"January 4th 2017, 03:00:00.000",226,220,3.601,215.639,139.072,86.433
"January 4th 2017, 06:00:00.000",226,220,4.564,269.189,141.361,89.228
"January 4th 2017, 09:00:00.000",226,220,3.679,239.417,144.983,87.372
"January 4th 2017, 12:00:00.000",226,220,3.66,242.333,145.411,87.156
"January 4th 2017, 15:00:00.000",226,220,3.531,226.939,142.928,86.156
"January 4th 2017, 18:00:00.000",226,220,3.612,239.889,145.783,87.55
"January 4th 2017, 21:00:00.000",226,220,3.476,236.1,145.911,86.333
"January 5th 2017, 00:00:00.000",226,220,3.219,215.5,144.244,85.572
"January 5th 2017, 03:00:00.000",226,220,3.001,200.35,143.683,85.106
"January 5th 2017, 06:00:00.000",226,220,4.645,267.489,141.467,89.144
"January 5th 2017, 09:00:00.000",226,220,3.628,238.194,145.428,87.111
"January 5th 2017, 12:00:00.000",226,220,3.294,232.572,148.056,86
"January 5th 2017, 15:00:00.000",226,220,3.218,211.894,143.122,85.167
"January 5th 2017, 18:00:00.000",226,220,3.553,235.35,144.578,86.422
"January 5th 2017, 21:00:00.000",226,220,3.463,233.128,146.028,87.039
"January 6th 2017, 00:00:00.000",226,220,3.106,214.044,145.944,85.517
"January 6th 2017, 03:00:00.000",226,220,3.171,207.933,143.05,85.406
"January 6th 2017, 06:00:00.000",226,220,5.11,274.928,139.572,89.883
"January 6th 2017, 09:00:00.000",226,220,5.319,251.944,132.478,90.561
"January 6th 2017, 12:00:00.000",226,220,4.517,255.444,139.106,88.978
"January 6th 2017, 15:00:00.000",226,220,3.874,237.756,141.239,87.2
"January 6th 2017, 18:00:00.000",226,220,3.983,257.533,144.9,88.078
"January 6th 2017, 21:00:00.000",226,220,4.189,266.944,144.706,88.617
"January 7th 2017, 00:00:00.000",226,220,3.811,246.211,144.5,87.75
"January 7th 2017, 03:00:00.000",226,220,3.524,231.728,144.35,86.633
"January 7th 2017, 06:00:00.000",226,220,4.415,275.339,144.744,89.622
"January 7th 2017, 09:00:00.000",226,220,4.116,270.539,146.028,88.211
"January 7th 2017, 12:00:00.000",226,220,4.341,277.633,145.872,89.506
"January 7th 2017, 15:00:00.000",226,220,4.68,274.478,141.75,90.117
"January 7th 2017, 18:00:00.000",226,220,4.477,272.433,142.628,89.089
"January 7th 2017, 21:00:00.000",226,220,4.147,255.194,142.928,88.517
"January 8th 2017, 00:00:00.000",226,220,3.456,227.644,144.283,86.389
"January 8th 2017, 03:00:00.000",226,220,3.154,210.294,143.933,85.483
"January 8th 2017, 06:00:00.000",226,220,3.868,243.472,143.411,87.75
"January 8th 2017, 09:00:00.000",226,220,3.259,221.65,145.761,85.872
"January 8th 2017, 12:00:00.000",226,220,4.384,250.206,138.661,88.267
"January 8th 2017, 15:00:00.000",226,220,4.442,246.756,137.261,88.217
"January 8th 2017, 18:00:00.000",226,220,4.58,260.028,139.644,89.361
"January 8th 2017, 21:00:00.000",226,220,3.731,226.028,140.594,87.111
"January 9th 2017, 00:00:00.000",226,220,2.888,182.417,139.828,84.306
"January 9th 2017, 03:00:00.000",226,240,2.627,168.706,140.028,83.689
"January 9th 2017, 06:00:00.000",226,240,4.122,230.706,138.211,87.356
"January 9th 2017, 09:00:00.000",226,240,2.997,199.483,144.094,85.272
"January 9th 2017, 12:00:00.000",226,240,3.228,212.283,143.661,85.861
"January 9th 2017, 15:00:00.000",226,240,3.345,218.15,143.378,85.95
"January 9th 2017, 18:00:00.000",226,240,3.241,208.044,141.817,85.261
"January 9th 2017, 21:00:00.000",226,240,3.121,203.222,142.55,85.228
"January 10th 2017, 00:00:00.000",226,240,2.79,173.4,138.906,84.3
"January 10th 2017, 03:00:00.000",226,240,2.812,167.306,136.517,84.167
"January 10th 2017, 06:00:00.000",226,240,4.152,240.128,139.617,87.989
"January 10th 2017, 09:00:00.000",226,240,3.212,209.117,143.689,86.028
"January 10th 2017, 12:00:00.000",226,240,3.081,212.094,145.9,84.85
"January 10th 2017, 15:00:00.000",226,240,2.817,192.967,144.667,84.322
"January 10th 2017, 18:00:00.000",226,240,3.161,212.672,145.011,85.711
"January 10th 2017, 21:00:00.000",226,240,3.009,208.15,145.822,84.933
"January 11th 2017, 00:00:00.000",226,240,2.97,173.428,136.111,84.439
"January 11th 2017, 03:00:00.000",226,240,3.216,161.65,128.839,84.656
"January 11th 2017, 06:00:00.000",226,240,4.091,224.4,136.461,87.861
"January 11th 2017, 09:00:00.000",226,240,3.157,197.078,140.661,85.344
"January 11th 2017, 12:00:00.000",226,240,2.965,194.056,142.25,84.617
"January 11th 2017, 15:00:00.000",226,240,2.963,181.511,138.472,84.456
"January 11th 2017, 18:00:00.000",226,240,3.062,191.133,139.967,85.011
"January 11th 2017, 21:00:00.000",226,240,3.083,197.367,141.45,85.194
"January 12th 2017, 00:00:00.000",226,240,2.452,156.711,139.944,83.422
"January 12th 2017, 03:00:00.000",226,240,2.587,154.822,136.111,83.528
"January 12th 2017, 06:00:00.000",226,240,3.806,217.756,138.094,87.144
"January 12th 2017, 09:00:00.000",226,240,3.079,197.939,142.078,85.45
"January 12th 2017, 12:00:00.000",226,240,3.4,196.9,136.972,85.561
"January 12th 2017, 15:00:00.000",226,240,3.392,201.333,138.978,85.978
"January 12th 2017, 18:00:00.000",226,240,3.351,207.439,140.344,85.911
"January 12th 2017, 21:00:00.000",226,240,3.256,199.661,140.044,86.022
"January 13th 2017, 00:00:00.000",226,240,2.971,186.006,139.706,84.767
"January 13th 2017, 03:00:00.000",226,240,2.929,183.667,139.706,84.656
"January 13th 2017, 06:00:00.000",226,240,4.676,263.878,139.906,89.172
"January 13th 2017, 09:00:00.000",226,240,3.815,240.367,142.711,87.161
"January 13th 2017, 12:00:00.000",226,240,3.96,248.089,143.206,87.761
"January 13th 2017, 15:00:00.000",226,240,3.797,236.256,142.05,87.189
"January 13th 2017, 18:00:00.000",226,240,3.997,252.578,143.783,88.167
"January 13th 2017, 21:00:00.000",226,240,3.751,241.822,144.383,87.606
"January 14th 2017, 00:00:00.000",226,240,3.235,211.633,143.239,85.75
"January 14th 2017, 03:00:00.000",226,240,3.118,196.872,140.556,85.028
"January 14th 2017, 06:00:00.000",226,240,3.983,249.606,143.378,88.1
"January 14th 2017, 09:00:00.000",226,240,4.203,253.967,141.928,88.433
"January 14th 2017, 12:00:00.000",226,240,4.233,263.106,143.694,89.144
"January 14th 2017, 15:00:00.000",226,240,4.501,256.228,139.372,88.906
"January 14th 2017, 18:00:00.000",226,240,4.093,253.089,142.744,88.306
"January 14th 2017, 21:00:00.000",226,240,3.952,232.767,139.583,87.517
"January 15th 2017, 00:00:00.000",226,240,3.391,215.194,141.567,85.839
"January 15th 2017, 03:00:00.000",226,240,3.412,209.744,140.033,85.9
"January 15th 2017, 06:00:00.000",226,240,4.697,259.889,138.444,89.156
"January 15th 2017, 09:00:00.000",226,240,4.384,244.439,137.722,88.344
"January 15th 2017, 12:00:00.000",226,240,4.913,279.294,140.556,90.333
"January 15th 2017, 15:00:00.000",226,240,4.337,271.283,144.044,88.961
"January 15th 2017, 18:00:00.000",226,240,4.809,293.639,144.25,90.089
"January 15th 2017, 21:00:00.000",226,240,4.401,249.706,138.833,88.394
"January 16th 2017, 00:00:00.000",226,240,3.871,218.639,136.778,86.956
"January 16th 2017, 03:00:00.000",226,240,3.588,208.456,137.25,86.189
"January 16th 2017, 06:00:00.000",226,240,4.435,274.728,143.978,89.55
"January 16th 2017, 09:00:00.000",226,240,4.456,258.35,139.883,88.822
"January 16th 2017, 12:00:00.000",226,240,4.559,241.522,136.211,88.361
"January 16th 2017, 15:00:00.000",226,240,5.059,242.911,131.844,89.35
"January 16th 2017, 18:00:00.000",226,240,4.165,262.922,144.589,88.817
"January 16th 2017, 21:00:00.000",226,240,4.29,247.25,139.317,88.239
"January 17th 2017, 00:00:00.000",226,240,3.553,221.367,141.039,86.3
"January 17th 2017, 03:00:00.000",226,240,3.715,224.1,139.789,86.75
"January 17th 2017, 06:00:00.000",226,240,5.483,307.672,141.5,91.117
"January 17th 2017, 09:00:00.000",226,240,5.146,276.111,138.061,90.494
"January 17th 2017, 12:00:00.000",226,240,4.452,269.578,142.844,89.017
"January 17th 2017, 15:00:00.000",226,240,4.328,274.789,145.461,88.772
"January 17th 2017, 18:00:00.000",226,240,6.111,296.706,134.883,91.906
"January 17th 2017, 21:00:00.000",226,240,6.084,296.761,135.894,92.233
"January 18th 2017, 00:00:00.000",226,240,4.37,256.056,140.411,88.617
"January 18th 2017, 03:00:00.000",226,240,4.043,251.5,142.944,88.189
"January 18th 2017, 06:00:00.000",226,240,5.321,324.183,144.589,90.689
"January 18th 2017, 09:00:00.000",226,240,4.275,257.678,138.111,78.033
"January 18th 2017, 12:00:00.000",226,240,4.207,258.828,122.339,68.533
"January 18th 2017, 15:00:00.000",226,240,5.512,312.183,138.239,88.15
"January 18th 2017, 18:00:00.000",226,240,5.194,306.494,143.394,91.339
"January 18th 2017, 21:00:00.000",226,240,4.817,299.972,145.939,90.672
"January 19th 2017, 00:00:00.000",226,240,4.579,257.744,138.472,88.733
"January 19th 2017, 03:00:00.000",226,240,4.359,255.761,139.906,88.289
"January 19th 2017, 06:00:00.000",226,240,5.834,334.267,142.044,91.189
"January 19th 2017, 09:00:00.000",226,240,5.878,309.233,138.5,92.106
"January 19th 2017, 12:00:00.000",226,240,5.5,300.778,139.533,91.306
"January 19th 2017, 15:00:00.000",226,240,4.827,287.2,142.428,90.033
"January 19th 2017, 18:00:00.000",226,240,5.592,304.322,140.211,91.889
"January 19th 2017, 21:00:00.000",226,240,4.967,301.372,144.011,90.333
"January 20th 2017, 00:00:00.000",226,240,4.239,265.194,143.489,88.483
"January 20th 2017, 03:00:00.000",226,240,4.075,257.033,143.367,87.95
"January 20th 2017, 06:00:00.000",226,240,5.94,336.444,141.817,91.378
"January 20th 2017, 09:00:00.000",226,240,6.139,309.739,136.511,92.011
"January 20th 2017, 12:00:00.000",226,240,6.3,310.95,136.1,92.439
"January 20th 2017, 15:00:00.000",226,240,5.058,290.417,141.417,90.556
"January 20th 2017, 18:00:00.000",226,240,5.032,301.394,143.633,90.633
"January 20th 2017, 21:00:00.000",226,240,5.151,296.094,141.55,90.75
"January 21st 2017, 00:00:00.000",226,240,4.446,273.811,143.211,88.761
"January 21st 2017, 03:00:00.000",226,240,4.16,260.456,143.25,88.239
"January 21st 2017, 06:00:00.000",226,240,5.506,320.172,143.683,91.806
"January 21st 2017, 09:00:00.000",226,240,5.941,323.406,140.867,92.278
"January 21st 2017, 12:00:00.000",226,240,6.235,331.606,140.406,93.4
"January 21st 2017, 15:00:00.000",226,240,5.116,299.767,142.367,90.694
"January 21st 2017, 18:00:00.000",226,240,5.043,296.3,142.217,90.311
"January 21st 2017, 21:00:00.000",226,240,5.072,294.6,142.306,90.961
"January 22nd 2017, 00:00:00.000",226,240,4.369,269.206,142.956,88.672
"January 22nd 2017, 03:00:00.000",226,240,3.948,250.261,143.106,87.45
"January 22nd 2017, 06:00:00.000",226,240,5.384,307.017,142.556,91.289
"January 22nd 2017, 09:00:00.000",226,240,5.343,307.75,142.578,91.311
"January 22nd 2017, 12:00:00.000",226,240,5.913,315.483,139.35,92.15
"January 22nd 2017, 15:00:00.000",226,240,4.374,268.156,142.456,88.411
"January 22nd 2017, 18:00:00.000",226,240,5.92,325.278,140.278,91.667
"January 22nd 2017, 21:00:00.000",226,240,4.939,281.872,140.622,90.178
"January 23rd 2017, 00:00:00.000",226,240,3.947,239.844,140.856,87.372
"January 23rd 2017, 03:00:00.000",226,240,3.841,234.872,140.639,86.933
"January 23rd 2017, 06:00:00.000",226,240,4.737,307.972,148.406,90.333
"January 23rd 2017, 09:00:00.000",226,240,5.429,290.917,138.7,91.394
"January 23rd 2017, 12:00:00.000",226,240,5.584,295.844,138,91.289
"January 23rd 2017, 15:00:00.000",226,240,4.322,275.017,145.189,89.156
"January 23rd 2017, 18:00:00.000",226,240,5,304.844,144.456,90.794
"January 23rd 2017, 21:00:00.000",226,240,5.785,296.517,136.733,91.333
"January 24th 2017, 00:00:00.000",226,240,4.343,260.272,141.639,88.794
"January 24th 2017, 03:00:00.000",226,240,4.045,251.278,142.222,87.678
"January 24th 2017, 06:00:00.000",226,240,5.539,322.667,143.311,91.322
"January 24th 2017, 09:00:00.000",226,240,5.452,295.956,139.517,91.517
"January 24th 2017, 12:00:00.000",226,240,5.011,289.206,141.517,90.644
"January 24th 2017, 15:00:00.000",226,240,4.909,284.167,142.194,90.322
"January 24th 2017, 18:00:00.000",226,240,3.966,293.428,153.717,88.644
"January 24th 2017, 21:00:00.000",226,240,4.683,294.544,145.639,90.094
"January 25th 2017, 00:00:00.000",226,240,3.971,242.962,141.308,87.515
"January 25th 2017, 03:00:00.000",226,240,3.791,235.206,141.5,86.994
"January 25th 2017, 06:00:00.000",226,240,5.336,299.983,141.861,91.078
"January 25th 2017, 09:00:00.000",226,240,5.007,274.183,139.156,90.156
"January 25th 2017, 12:00:00.000",226,240,4.48,284.017,145.294,89.467
"January 25th 2017, 15:00:00.000",226,240,4.446,281.617,144.806,89.067
"January 25th 2017, 18:00:00.000",226,240,5.131,301.994,142.883,90.944
"January 25th 2017, 21:00:00.000",226,240,5.23,305.889,142.789,91.217
"January 26th 2017, 00:00:00.000",226,240,4.597,285.172,143.46,89.199
"January 26th 2017, 03:00:00.000",226,240,4.131,262.294,143.894,88.133
"January 26th 2017, 06:00:00.000",226,240,5.45,336.45,144.433,89.978
"January 26th 2017, 09:00:00.000",226,240,5.95,317.8,137.539,90.467
"January 26th 2017, 12:00:00.000",226,240,4.64,303.139,148.15,90.378
"January 26th 2017, 15:00:00.000",226,240,4.438,276.728,143.422,88.622
"January 26th 2017, 18:00:00.000",226,240,5.394,296.244,139.233,90.778
"January 26th 2017, 21:00:00.000",226,240,5.104,293.656,140.928,90.206
"January 27th 2017, 00:00:00.000",226,240,4.108,255.517,142.544,87.678
"January 27th 2017, 03:00:00.000",226,240,3.856,240.844,142.189,87.311
"January 27th 2017, 06:00:00.000",226,240,4.245,253.678,140.867,88.328
"January 27th 2017, 09:00:00.000",226,240,5.073,309.844,140.367,87.233
"January 27th 2017, 12:00:00.000",226,240,4.951,310.317,146.928,91.3
"January 27th 2017, 15:00:00.000",226,240,4.153,255.611,142.15,87.85
"January 27th 2017, 18:00:00.000",226,240,4.293,261.678,141.433,87.867
"January 27th 2017, 21:00:00.000",226,240,3.706,230.144,141.456,86.667
"January 28th 2017, 00:00:00.000",226,240,3.12,196.367,139.778,84.483
"January 28th 2017, 03:00:00.000",226,240,2.968,181.861,138.011,84.1
"January 28th 2017, 06:00:00.000",226,240,3.675,217.944,138.894,86.372
"January 28th 2017, 09:00:00.000",226,240,3.36,211.156,140.889,85.5
"January 28th 2017, 12:00:00.000",226,240,3.985,244.139,140.778,86.811
"January 28th 2017, 15:00:00.000",226,240,3.279,199.55,138.639,85.111
"January 28th 2017, 18:00:00.000",226,240,3.352,203.728,138.778,85.383
"January 28th 2017, 21:00:00.000",226,240,3.231,197.844,138.961,85.072
"January 29th 2017, 00:00:00.000",226,240,2.702,164.883,137.189,83.528
"January 29th 2017, 03:00:00.000",226,240,2.799,165.3,135.639,83.794
"January 29th 2017, 06:00:00.000",226,240,3.663,210.389,136.939,86.133
"January 29th 2017, 09:00:00.000",226,240,3.547,217.106,139.839,86.017
"January 29th 2017, 12:00:00.000",226,240,3.708,232.783,142.028,86.806
"January 29th 2017, 15:00:00.000",226,240,3.781,237.178,142.2,86.956
"January 29th 2017, 18:00:00.000",226,240,4.116,253.161,142.539,88.15
"January 29th 2017, 21:00:00.000",226,240,3.08,198.511,142.094,85.25
"January 30th 2017, 00:00:00.000",226,240,2.689,176.183,141.072,83.622
"January 30th 2017, 03:00:00.000",226,240,2.687,156.244,134.294,83.161
"January 30th 2017, 06:00:00.000",226,240,3.87,223.006,137.517,86.644
"January 30th 2017, 09:00:00.000",226,240,2.957,190.133,141.256,84.683
"January 30th 2017, 12:00:00.000",226,240,3.195,200.389,139.756,84.633
"January 30th 2017, 15:00:00.000",226,240,2.814,179.333,139.767,83.828
"January 30th 2017, 18:00:00.000",226,240,2.968,182.239,138.6,84.233
"January 30th 2017, 21:00:00.000",226,240,3.093,181.444,136.289,84.467
"January 31st 2017, 00:00:00.000",226,240,2.251,135.95,135.439,82.344
"January 31st 2017, 03:00:00.000",226,240,2.074,125.272,135.028,81.989
"January 31st 2017, 06:00:00.000",226,240,3.113,186.522,137.789,84.75
"January 31st 2017, 09:00:00.000",226,240,2.198,148.472,141.744,82.461
"January 31st 2017, 12:00:00.000",226,240,2.433,151.456,137.722,83.033
"January 31st 2017, 15:00:00.000",226,240,2.218,140.9,137.5,81.65
"January 1st 2017, 15:00:00.000",210,240,4.809,358.3,149.065,84.124
"January 1st 2017, 18:00:00.000",210,240,5.052,366.289,148.172,84.639
"January 1st 2017, 21:00:00.000",210,240,4.702,353.65,149.056,83.15
"January 2nd 2017, 00:00:00.000",210,240,4.024,320.072,151.022,81.322
"January 2nd 2017, 03:00:00.000",210,240,3.513,292.806,151.494,78.8
"January 2nd 2017, 06:00:00.000",210,240,3.921,318.767,150.972,79.917
"January 2nd 2017, 09:00:00.000",210,240,4.372,337.583,150.228,82.506
"January 2nd 2017, 12:00:00.000",210,240,4.554,351.694,150.439,82.811
"January 2nd 2017, 15:00:00.000",210,240,4.446,345.878,151.044,82.794
"January 2nd 2017, 18:00:00.000",210,240,4.539,354.117,151.583,83.328
"January 2nd 2017, 21:00:00.000",210,240,4.476,351.044,151.761,83.067
"January 3rd 2017, 00:00:00.000",210,240,3.662,302.322,151.817,79.572
"January 3rd 2017, 03:00:00.000",210,240,3.425,286.067,151.744,78.856
"January 3rd 2017, 06:00:00.000",210,240,4.177,323.222,149.783,81.506
"January 3rd 2017, 09:00:00.000",210,240,4.562,342.611,148.256,82.339
"January 3rd 2017, 12:00:00.000",210,240,4.473,340.972,149.111,82.367
"January 3rd 2017, 15:00:00.000",210,240,4.035,318.05,149.544,80.5
"January 3rd 2017, 18:00:00.000",210,240,4.351,337.478,149.889,81.867
"January 3rd 2017, 21:00:00.000",210,240,4.315,333.044,149.806,82.25
"January 4th 2017, 00:00:00.000",210,240,3.776,293.883,147.872,79.811
"January 4th 2017, 03:00:00.000",210,240,3.39,270.494,147.183,77.517
"January 4th 2017, 06:00:00.000",210,240,4.122,306.361,146.428,81.1
"January 4th 2017, 09:00:00.000",210,240,3.898,305.828,149.328,80.506
"January 4th 2017, 12:00:00.000",210,240,3.954,311.422,149.689,80.656
"January 4th 2017, 15:00:00.000",210,240,3.577,290.511,150.344,79.439
"January 4th 2017, 18:00:00.000",210,240,3.681,301.361,152.022,80.261
"January 4th 2017, 21:00:00.000",210,240,4.007,326.183,152.278,81.128
"January 5th 2017, 00:00:00.000",210,240,3.276,271.817,150.667,78.122
"January 5th 2017, 03:00:00.000",210,240,3.031,258.194,151.067,76.817
"January 5th 2017, 06:00:00.000",210,240,4.077,320.378,150.122,80.983
"January 5th 2017, 09:00:00.000",210,240,4.084,321.65,150.294,81.767
"January 5th 2017, 12:00:00.000",210,240,3.672,297.283,150.556,79.789
"January 5th 2017, 15:00:00.000",210,240,3.614,293.922,149.15,78.917
"January 5th 2017, 18:00:00.000",210,240,4.014,321.278,151.778,81.717
"January 5th 2017, 21:00:00.000",210,240,4.036,326.189,152.689,82.272
"January 6th 2017, 00:00:00.000",210,240,3.525,291.817,150.65,78.3
"January 6th 2017, 03:00:00.000",210,240,3.266,271.767,150.539,77.922
"January 6th 2017, 06:00:00.000",210,240,3.975,320.561,151.2,80.206
"January 6th 2017, 09:00:00.000",210,240,4.362,341.433,150.222,81.733
"January 6th 2017, 12:00:00.000",210,240,4.322,339.794,150.394,81.567
"January 6th 2017, 15:00:00.000",210,240,3.849,308.611,150.744,80.367
"January 6th 2017, 18:00:00.000",210,240,4.287,337.328,151.289,82.167
"January 6th 2017, 21:00:00.000",210,240,4.425,346.3,151.306,82.806
"January 7th 2017, 00:00:00.000",210,240,3.79,305.217,150.361,79.961
"January 7th 2017, 03:00:00.000",210,240,3.578,294.65,150.461,78.561
"January 7th 2017, 06:00:00.000",210,240,3.662,303.372,152.067,79.722
"January 7th 2017, 09:00:00.000",210,240,4.226,340.439,153.156,82.589
"January 7th 2017, 12:00:00.000",210,240,4.704,366.9,152.183,83.906
"January 7th 2017, 15:00:00.000",210,240,4.561,342.278,148.678,83.45
"January 7th 2017, 18:00:00.000",210,240,4.661,342.294,147.889,83.122
"January 7th 2017, 21:00:00.000",210,240,4.021,319.178,150.744,81.311
"January 8th 2017, 00:00:00.000",210,240,3.618,296.083,150.489,79
"January 8th 2017, 03:00:00.000",210,240,3.554,284.267,149.822,79.833
"January 8th 2017, 06:00:00.000",210,240,3.383,279.661,150.039,77.611
"January 8th 2017, 09:00:00.000",210,240,3.933,307.206,149.583,80.678
"January 8th 2017, 12:00:00.000",210,240,5.16,342.55,142.156,83.906
"January 8th 2017, 15:00:00.000",210,240,4.742,323.828,142.883,82.883
"January 8th 2017, 18:00:00.000",210,240,4.522,321.256,144.583,82.356
"January 8th 2017, 21:00:00.000",210,240,4.211,312.183,146.728,81.833
"January 9th 2017, 00:00:00.000",210,240,3.623,279.25,146.883,79
"January 9th 2017, 03:00:00.000",210,240,3.803,274.033,147.2,86.006
"January 9th 2017, 06:00:00.000",210,240,3.312,274.994,151.522,78.511
"January 9th 2017, 09:00:00.000",210,240,3.37,277.2,151.111,78.622
"January 9th 2017, 12:00:00.000",210,290,3.772,303.544,149.706,79.817
"January 9th 2017, 15:00:00.000",210,290,3.478,278.95,148.961,78.733
"January 9th 2017, 18:00:00.000",210,290,3.532,281.65,149.456,79.594
"January 9th 2017, 21:00:00.000",210,290,3.907,300.1,148.428,81.25
"January 10th 2017, 00:00:00.000",210,290,3.218,247.161,145.383,79.728
"January 10th 2017, 03:00:00.000",210,290,3.749,256.383,143.156,83.344
"January 10th 2017, 06:00:00.000",210,290,3.958,311.517,148.906,81.789
"January 10th 2017, 09:00:00.000",210,290,4.051,308.15,146.678,79.9
"January 10th 2017, 12:00:00.000",210,290,3.598,267.344,144.522,79.65
"January 10th 2017, 15:00:00.000",210,290,3.355,260.989,148.189,80.206
"January 10th 2017, 18:00:00.000",210,290,3.558,274.794,150.544,80.317
"January 10th 2017, 21:00:00.000",210,290,3.902,296.667,147.133,80.872
"January 11th 2017, 00:00:00.000",210,290,3.576,247.6,139.667,79.128
"January 11th 2017, 03:00:00.000",210,290,3.312,232.439,137.4,75.994
"January 11th 2017, 06:00:00.000",210,290,4.203,270.578,137.022,80.428
"January 11th 2017, 09:00:00.000",210,290,3.989,260.517,138.283,80.133
"January 11th 2017, 12:00:00.000",210,290,3.349,259.533,145.522,77.6
"January 11th 2017, 15:00:00.000",210,290,3.304,254.789,145.983,78.361
"January 11th 2017, 18:00:00.000",210,290,3.623,277.983,147.361,79.983
"January 11th 2017, 21:00:00.000",210,290,3.377,268.061,148.111,78.778
"January 12th 2017, 00:00:00.000",210,290,3.226,235.4,145.583,82.111
"January 12th 2017, 03:00:00.000",210,290,3.463,237.133,143.65,84.906
"January 12th 2017, 06:00:00.000",210,290,3.805,281.839,145.756,81.383
"January 12th 2017, 09:00:00.000",210,290,3.226,257.267,148.294,78.622
"January 12th 2017, 12:00:00.000",210,290,3.534,259.189,143.422,78.883
"January 12th 2017, 15:00:00.000",210,290,3.329,242.867,143.883,78.511
"January 12th 2017, 18:00:00.000",210,290,3.536,273.222,146.344,79.472
"January 12th 2017, 21:00:00.000",210,290,3.836,288.322,147.033,81.261
"January 13th 2017, 00:00:00.000",210,290,3.11,251.967,147.117,76.317
"January 13th 2017, 03:00:00.000",210,290,2.815,233.778,147.039,75.1
"January 13th 2017, 06:00:00.000",210,290,3.388,278.067,150.622,78.728
"January 13th 2017, 09:00:00.000",210,290,3.661,296.767,151.533,80.594
"January 13th 2017, 12:00:00.000",210,290,3.606,281.383,148.694,80.317
"January 13th 2017, 15:00:00.000",210,290,3.675,286.939,147.867,79.378
"January 13th 2017, 18:00:00.000",210,290,3.751,300.067,150.517,80.739
"January 13th 2017, 21:00:00.000",210,290,3.739,301.328,150.272,79.739
"January 14th 2017, 00:00:00.000",210,290,3.363,276.8,149.55,77.694
"January 14th 2017, 03:00:00.000",210,290,3.067,249.856,147.089,76.106
"January 14th 2017, 06:00:00.000",210,290,3.154,266.678,150.844,77.011
"January 14th 2017, 09:00:00.000",210,290,4.12,319.767,149.433,81.311
"January 14th 2017, 12:00:00.000",210,290,4.933,328.372,143.156,83.3
"January 14th 2017, 15:00:00.000",210,290,4.316,300.944,143.022,81.7
"January 14th 2017, 18:00:00.000",210,290,4.637,285.578,136.5,82.078
"January 14th 2017, 21:00:00.000",210,290,3.918,303.694,148.283,81.244
"January 15th 2017, 00:00:00.000",210,290,3.756,291.967,148.039,80.006
"January 15th 2017, 03:00:00.000",210,290,3.392,264.544,145.917,77.8
"January 15th 2017, 06:00:00.000",210,290,3.677,278.911,145.261,78.806
"January 15th 2017, 09:00:00.000",210,290,4.366,313.528,145.35,82.494
"January 15th 2017, 12:00:00.000",210,290,5.782,335.789,138.878,84.772
"January 15th 2017, 15:00:00.000",210,290,4.923,335.256,143.233,83.45
"January 15th 2017, 18:00:00.000",210,290,5.187,345.383,142.939,84.417
"January 15th 2017, 21:00:00.000",210,290,4.964,332.567,142.667,83.606
"January 16th 2017, 00:00:00.000",210,290,3.424,261.1,144.311,77.644
"January 16th 2017, 03:00:00.000",210,290,3.38,258.433,144.694,77.839
"January 16th 2017, 06:00:00.000",210,290,3.957,291.211,145.428,80.606
"January 16th 2017, 09:00:00.000",210,290,4.478,311.483,143.811,82.572
"January 16th 2017, 12:00:00.000",210,290,4.424,298.656,141.65,81.45
"January 16th 2017, 15:00:00.000",210,290,6.615,295.944,125.289,84.35
"January 16th 2017, 18:00:00.000",210,290,4.449,313.694,144.406,82.483
"January 16th 2017, 21:00:00.000",210,290,4.254,325.889,148.967,82.05
"January 17th 2017, 00:00:00.000",210,290,3.841,298.278,148.194,80.167
"January 17th 2017, 03:00:00.000",210,290,3.374,267.894,147.167,77.822
"January 17th 2017, 06:00:00.000",210,290,4.226,324.061,148.944,81.372
"January 17th 2017, 09:00:00.000",210,290,4.834,355.178,148.294,83.828
"January 17th 2017, 12:00:00.000",210,290,4.607,345.078,149.394,83.733
"January 17th 2017, 15:00:00.000",210,290,4.317,332.039,149.683,82.328
"January 17th 2017, 18:00:00.000",210,290,5.386,359.333,145.256,85.128
"January 17th 2017, 21:00:00.000",210,290,4.947,360.244,148.644,84.694
"January 18th 2017, 00:00:00.000",210,290,4.145,320.378,149.678,82.044
"January 18th 2017, 03:00:00.000",210,290,3.704,308.05,152.672,80.089
"January 18th 2017, 06:00:00.000",210,290,4.421,346.783,151.617,82.772
"January 18th 2017, 09:00:00.000",210,290,4.178,353.111,152,75.689
"January 18th 2017, 12:00:00.000",210,290,6.028,336.244,125.733,75.222